name,kotakab,code_kotakab,code_provinsi,name_kotakab
KAB.ACEHSELATAN,KAB. ACEH SELATAN,1101,11,KAB.ACEHSELATAN
KAB.ACEHTENGGARA,KAB. ACEH TENGGARA,1102,11,KAB.ACEHTENGGARA
KAB.ACEHTIMUR,KAB. ACEH TIMUR,1103,11,KAB.ACEHTIMUR
KAB.ACEHTENGAH,KAB. ACEH TENGAH,1104,11,KAB.ACEHTENGAH
KAB.ACEHBARAT,KAB. ACEH BARAT,1105,11,KAB.ACEHBARAT
KAB.ACEHBESAR,KAB. ACEH BESAR,1106,11,KAB.ACEHBESAR
KAB.PIDIE,KAB. PIDIE,1107,11,KAB.PIDIE
KAB.ACEHUTARA,KAB. ACEH UTARA,1108,11,KAB.ACEHUTARA
KAB.SIMEULUE,KAB. SIMEULUE,1109,11,KAB.SIMEULUE
KAB.ACEHSINGKIL,KAB. ACEH SINGKIL,1110,11,KAB.ACEHSINGKIL
KAB.BIREUEN,KAB. BIREUEN,1111,11,KAB.BIREUEN
KAB.ACEHBARATDAYA,KAB. ACEH BARAT DAYA,1112,11,KAB.ACEHBARATDAYA
KAB.GAYOLUES,KAB. GAYO LUES,1113,11,KAB.GAYOLUES
KAB.ACEHJAYA,KAB. ACEH JAYA,1114,11,KAB.ACEHJAYA
KAB.NAGANRAYA,KAB. NAGAN RAYA,1115,11,KAB.NAGANRAYA
KAB.ACEHTAMIANG,KAB. ACEH TAMIANG,1116,11,KAB.ACEHTAMIANG
KAB.BENERMERIAH,KAB. BENER MERIAH,1117,11,KAB.BENERMERIAH
KAB.PIDIEJAYA,KAB. PIDIE JAYA,1118,11,KAB.PIDIEJAYA
KOTABANDAACEH,KOTA BANDA ACEH,1171,11,KOTABANDAACEH
KOTASABANG,KOTA SABANG,1172,11,KOTASABANG
KOTALHOKSEUMAWE,KOTA LHOKSEUMAWE,1173,11,KOTALHOKSEUMAWE
KOTALANGSA,KOTA LANGSA,1174,11,KOTALANGSA
KOTASUBULUSSALAM,KOTA SUBULUSSALAM,1175,11,KOTASUBULUSSALAM
KAB.TAPANULITENGAH,KAB. TAPANULI TENGAH,1201,12,KAB.TAPANULITENGAH
KAB.TAPANULIUTARA,KAB. TAPANULI UTARA,1202,12,KAB.TAPANULIUTARA
KAB.TAPANULISELATAN,KAB. TAPANULI SELATAN,1203,12,KAB.TAPANULISELATAN
KAB.NIAS,KAB. NIAS,1204,12,KAB.NIAS
KAB.LANGKAT,KAB. LANGKAT,1205,12,KAB.LANGKAT
KAB.KARO,KAB. KARO,1206,12,KAB.KARO
KAB.DELISERDANG,KAB. DELI SERDANG,1207,12,KAB.DELISERDANG
KAB.SIMALUNGUN,KAB. SIMALUNGUN,1208,12,KAB.SIMALUNGUN
KAB.ASAHAN,KAB. ASAHAN,1209,12,KAB.ASAHAN
KAB.LABUHANBATU,KAB. LABUHAN BATU,1210,12,KAB.LABUHANBATU
KAB.DAIRI,KAB. DAIRI,1211,12,KAB.DAIRI
KAB.TOBASAMOSIR,KAB. TOBA SAMOSIR,1212,12,KAB.TOBASAMOSIR
KAB.MANDAILINGNATAL,KAB. MANDAILING NATAL,1213,12,KAB.MANDAILINGNATAL
KAB.NIASSELATAN,KAB. NIAS SELATAN,1214,12,KAB.NIASSELATAN
KAB.PAKPAKBHARAT,KAB. PAKPAK BHARAT,1215,12,KAB.PAKPAKBHARAT
KAB.HUMBANGHASUNDUTAN,KAB. HUMBANG HASUNDUTAN,1216,12,KAB.HUMBANGHASUNDUTAN
KAB.SAMOSIR,KAB. SAMOSIR,1217,12,KAB.SAMOSIR
KAB.SERDANGBEDAGAI,KAB. SERDANG BEDAGAI,1218,12,KAB.SERDANGBEDAGAI
KAB.BATUBARA,KAB. BATU BARA,1219,12,KAB.BATUBARA
KAB.PADANGLAWASUTARA,KAB. PADANG LAWAS UTARA,1220,12,KAB.PADANGLAWASUTARA
KAB.PADANGLAWAS,KAB. PADANG LAWAS,1221,12,KAB.PADANGLAWAS
KAB.LABUHANBATUSELATAN,KAB. LABUHAN BATU SELATAN,1222,12,KAB.LABUHANBATUSELATAN
KAB.LABUHANBATUUTARA,KAB. LABUHAN BATU UTARA,1223,12,KAB.LABUHANBATUUTARA
KAB.NIASUTARA,KAB. NIAS UTARA,1224,12,KAB.NIASUTARA
KAB.NIASBARAT,KAB. NIAS BARAT,1225,12,KAB.NIASBARAT
KOTAMEDAN,KOTA MEDAN,1271,12,KOTAMEDAN
KOTAPEMATANGSIANTAR,KOTA PEMATANG SIANTAR,1272,12,KOTAPEMATANGSIANTAR
KOTASIBOLGA,KOTA SIBOLGA,1273,12,KOTASIBOLGA
KOTATANJUNGBALAI,KOTA TANJUNG BALAI,1274,12,KOTATANJUNGBALAI
KOTABINJAI,KOTA BINJAI,1275,12,KOTABINJAI
KOTATEBINGTINGGI,KOTA TEBING TINGGI,1276,12,KOTATEBINGTINGGI
KOTAPADANGSIDEMPUAN,KOTA PADANG SIDEMPUAN,1277,12,KOTAPADANGSIDEMPUAN
KOTAGUNUNGSITOLI,KOTA GUNUNGSITOLI,1278,12,KOTAGUNUNGSITOLI
KAB.PESISIRSELATAN,KAB. PESISIR SELATAN,1301,13,KAB.PESISIRSELATAN
KAB.SOLOK,KAB. SOLOK,1302,13,KAB.SOLOK
KAB.SIJUNJUNG,KAB. SIJUNJUNG,1303,13,KAB.SIJUNJUNG
KAB.TANAHDATAR,KAB. TANAH DATAR,1304,13,KAB.TANAHDATAR
KAB.PADANGPARIAMAN,KAB. PADANG PARIAMAN,1305,13,KAB.PADANGPARIAMAN
KAB.AGAM,KAB. AGAM,1306,13,KAB.AGAM
KAB.LIMAPULUHKOTA,KAB. LIMA PULUH KOTA,1307,13,KAB.LIMAPULUHKOTA
KAB.PASAMAN,KAB. PASAMAN,1308,13,KAB.PASAMAN
KAB.KEPULAUANMENTAWAI,KAB. KEPULAUAN MENTAWAI,1309,13,KAB.KEPULAUANMENTAWAI
KAB.DHARMASRAYA,KAB. DHARMASRAYA,1310,13,KAB.DHARMASRAYA
KAB.SOLOKSELATAN,KAB. SOLOK SELATAN,1311,13,KAB.SOLOKSELATAN
KAB.PASAMANBARAT,KAB. PASAMAN BARAT,1312,13,KAB.PASAMANBARAT
KOTAPADANG,KOTA PADANG,1371,13,KOTAPADANG
KOTASOLOK,KOTA SOLOK,1372,13,KOTASOLOK
KOTASAWAHLUNTO,KOTA SAWAH LUNTO,1373,13,KOTASAWAHLUNTO
KOTAPADANGPANJANG,KOTA PADANG PANJANG,1374,13,KOTAPADANGPANJANG
KOTABUKITTINGGI,KOTA BUKITTINGGI,1375,13,KOTABUKITTINGGI
KOTAPAYAKUMBUH,KOTA PAYAKUMBUH,1376,13,KOTAPAYAKUMBUH
KOTAPARIAMAN,KOTA PARIAMAN,1377,13,KOTAPARIAMAN
KAB.KAMPAR,KAB. KAMPAR,1401,14,KAB.KAMPAR
KAB.INDRAGIRIHULU,KAB. INDRAGIRI HULU,1402,14,KAB.INDRAGIRIHULU
KAB.BENGKALIS,KAB. BENGKALIS,1403,14,KAB.BENGKALIS
KAB.INDRAGIRIHILIR,KAB. INDRAGIRI HILIR,1404,14,KAB.INDRAGIRIHILIR
KAB.PELALAWAN,KAB. PELALAWAN,1405,14,KAB.PELALAWAN
KAB.ROKANHULU,KAB. ROKAN HULU,1406,14,KAB.ROKANHULU
KAB.ROKANHILIR,KAB. ROKAN HILIR,1407,14,KAB.ROKANHILIR
KAB.SIAK,KAB. SIAK,1408,14,KAB.SIAK
KAB.KUANTANSINGINGI,KAB. KUANTAN SINGINGI,1409,14,KAB.KUANTANSINGINGI
KAB.KEPULAUANMERANTI,KAB. KEPULAUAN MERANTI,1410,14,KAB.KEPULAUANMERANTI
KOTAPEKANBARU,KOTA PEKANBARU,1471,14,KOTAPEKANBARU
KOTADUMAI,KOTA DUMAI,1472,14,KOTADUMAI
KAB.KERINCI,KAB. KERINCI,1501,15,KAB.KERINCI
KAB.MERANGIN,KAB. MERANGIN,1502,15,KAB.MERANGIN
KAB.SAROLANGUN,KAB. SAROLANGUN,1503,15,KAB.SAROLANGUN
KAB.BATANGHARI,KAB. BATANG HARI,1504,15,KAB.BATANGHARI
KAB.MUAROJAMBI,KAB. MUARO JAMBI,1505,15,KAB.MUAROJAMBI
KAB.TANJUNGJABUNGBARAT,KAB. TANJUNG JABUNG BARAT,1506,15,KAB.TANJUNGJABUNGBARAT
KAB.TANJUNGJABUNGTIMUR,KAB. TANJUNG JABUNG TIMUR,1507,15,KAB.TANJUNGJABUNGTIMUR
KAB.BUNGO,KAB. BUNGO,1508,15,KAB.BUNGO
KAB.TEBO,KAB. TEBO,1509,15,KAB.TEBO
KOTAJAMBI,KOTA JAMBI,1571,15,KOTAJAMBI
KOTASUNGAIPENUH,KOTA SUNGAI PENUH,1572,15,KOTASUNGAIPENUH
KAB.OGANKOMERINGULU,KAB. OGAN KOMERING ULU,1601,16,KAB.OGANKOMERINGULU
KAB.OGANKOMERINGILIR,KAB. OGAN KOMERING ILIR,1602,16,KAB.OGANKOMERINGILIR
KAB.MUARAENIM,KAB. MUARA ENIM,1603,16,KAB.MUARAENIM
KAB.LAHAT,KAB. LAHAT,1604,16,KAB.LAHAT
KAB.MUSIRAWAS,KAB. MUSI RAWAS,1605,16,KAB.MUSIRAWAS
KAB.MUSIBANYUASIN,KAB. MUSI BANYUASIN,1606,16,KAB.MUSIBANYUASIN
KAB.BANYUASIN,KAB. BANYUASIN,1607,16,KAB.BANYUASIN
KAB.OGANKOMERINGULUTIMUR,KAB. OGAN KOMERING ULU TIMUR,1608,16,KAB.OGANKOMERINGULUTIMUR
KAB.OGANKOMERINGULUSELATAN,KAB. OGAN KOMERING ULU SELATAN,1609,16,KAB.OGANKOMERINGULUSELATAN
KAB.OGANILIR,KAB. OGAN ILIR,1610,16,KAB.OGANILIR
KAB.EMPATLAWANG,KAB. EMPAT LAWANG,1611,16,KAB.EMPATLAWANG
KAB.PENUKALABABLEMATANGILIR,KAB. PENUKAL ABAB LEMATANG ILIR,1612,16,KAB.PENUKALABABLEMATANGILIR
KAB.MUSIRAWASUTARA,KAB. MUSI RAWAS UTARA,1613,16,KAB.MUSIRAWASUTARA
KOTAPALEMBANG,KOTA PALEMBANG,1671,16,KOTAPALEMBANG
KOTAPAGARALAM,KOTA PAGAR ALAM,1672,16,KOTAPAGARALAM
KOTALUBUKLINGGAU,KOTA LUBUK LINGGAU,1673,16,KOTALUBUKLINGGAU
KOTAPRABUMULIH,KOTA PRABUMULIH,1674,16,KOTAPRABUMULIH
KAB.BENGKULUSELATAN,KAB. BENGKULU SELATAN,1701,17,KAB.BENGKULUSELATAN
KAB.REJANGLEBONG,KAB. REJANG LEBONG,1702,17,KAB.REJANGLEBONG
KAB.BENGKULUUTARA,KAB. BENGKULU UTARA,1703,17,KAB.BENGKULUUTARA
KAB.KAUR,KAB. KAUR,1704,17,KAB.KAUR
KAB.SELUMA,KAB. SELUMA,1705,17,KAB.SELUMA
KAB.MUKOMUKO,KAB. MUKO MUKO,1706,17,KAB.MUKOMUKO
KAB.LEBONG,KAB. LEBONG,1707,17,KAB.LEBONG
KAB.KEPAHIANG,KAB. KEPAHIANG,1708,17,KAB.KEPAHIANG
KAB.BENGKULUTENGAH,KAB. BENGKULU TENGAH,1709,17,KAB.BENGKULUTENGAH
KOTABENGKULU,KOTA BENGKULU,1771,17,KOTABENGKULU
KAB.LAMPUNGSELATAN,KAB. LAMPUNG SELATAN,1801,18,KAB.LAMPUNGSELATAN
KAB.LAMPUNGTENGAH,KAB. LAMPUNG TENGAH,1802,18,KAB.LAMPUNGTENGAH
KAB.LAMPUNGUTARA,KAB. LAMPUNG UTARA,1803,18,KAB.LAMPUNGUTARA
KAB.LAMPUNGBARAT,KAB. LAMPUNG BARAT,1804,18,KAB.LAMPUNGBARAT
KAB.TULANGBAWANG,KAB. TULANG BAWANG,1805,18,KAB.TULANGBAWANG
KAB.TANGGAMUS,KAB. TANGGAMUS,1806,18,KAB.TANGGAMUS
KAB.LAMPUNGTIMUR,KAB. LAMPUNG TIMUR,1807,18,KAB.LAMPUNGTIMUR
KAB.WAYKANAN,KAB. WAY KANAN,1808,18,KAB.WAYKANAN
KAB.PESAWARAN,KAB. PESAWARAN,1809,18,KAB.PESAWARAN
KAB.PRINGSEWU,KAB. PRINGSEWU,1810,18,KAB.PRINGSEWU
KAB.MESUJI,KAB. MESUJI,1811,18,KAB.MESUJI
KAB.TULANGBAWANGBARAT,KAB. TULANG BAWANG BARAT,1812,18,KAB.TULANGBAWANGBARAT
KAB.PESISIRBARAT,KAB. PESISIR BARAT,1813,18,KAB.PESISIRBARAT
KOTABANDARLAMPUNG,KOTA BANDAR LAMPUNG,1871,18,KOTABANDARLAMPUNG
KOTAMETRO,KOTA METRO,1872,18,KOTAMETRO
KAB.BANGKA,KAB. BANGKA,1901,19,KAB.BANGKA
KAB.BELITUNG,KAB. BELITUNG,1902,19,KAB.BELITUNG
KAB.BANGKASELATAN,KAB. BANGKA SELATAN,1903,19,KAB.BANGKASELATAN
KAB.BANGKATENGAH,KAB. BANGKA TENGAH,1904,19,KAB.BANGKATENGAH
KAB.BANGKABARAT,KAB. BANGKA BARAT,1905,19,KAB.BANGKABARAT
KAB.BELITUNGTIMUR,KAB. BELITUNG TIMUR,1906,19,KAB.BELITUNGTIMUR
KOTAPANGKALPINANG,KOTA PANGKAL PINANG,1971,19,KOTAPANGKALPINANG
KAB.BINTAN,KAB. BINTAN,2101,21,KAB.BINTAN
KAB.KARIMUN,KAB. KARIMUN,2102,21,KAB.KARIMUN
KAB.NATUNA,KAB. NATUNA,2103,21,KAB.NATUNA
KAB.LINGGA,KAB. LINGGA,2104,21,KAB.LINGGA
KAB.KEPULAUANANAMBAS,KAB. KEPULAUAN ANAMBAS,2105,21,KAB.KEPULAUANANAMBAS
KOTABATAM,KOTA BATAM,2171,21,KOTABATAM
KOTATANJUNGPINANG,KOTA TANJUNG PINANG,2172,21,KOTATANJUNGPINANG
KAB.KEP.SERIBU,KAB. KEP. SERIBU,3101,31,KAB.KEP.SERIBU
KOTAJAKARTAPUSAT,KOTA JAKARTA PUSAT,3171,31,KOTAJAKARTAPUSAT
KOTAJAKARTAUTARA,KOTA JAKARTA UTARA,3172,31,KOTAJAKARTAUTARA
KOTAJAKARTABARAT,KOTA JAKARTA BARAT,3173,31,KOTAJAKARTABARAT
KOTAJAKARTASELATAN,KOTA JAKARTA SELATAN,3174,31,KOTAJAKARTASELATAN
KOTAJAKARTATIMUR,KOTA JAKARTA TIMUR,3175,31,KOTAJAKARTATIMUR
KAB.BOGOR,KAB. BOGOR,3201,32,KAB.BOGOR
KAB.SUKABUMI,KAB. SUKABUMI,3202,32,KAB.SUKABUMI
KAB.CIANJUR,KAB. CIANJUR,3203,32,KAB.CIANJUR
KAB.BANDUNG,KAB. BANDUNG,3204,32,KAB.BANDUNG
KAB.GARUT,KAB. GARUT,3205,32,KAB.GARUT
KAB.TASIKMALAYA,KAB. TASIKMALAYA,3206,32,KAB.TASIKMALAYA
KAB.CIAMIS,KAB. CIAMIS,3207,32,KAB.CIAMIS
KAB.KUNINGAN,KAB. KUNINGAN,3208,32,KAB.KUNINGAN
KAB.CIREBON,KAB. CIREBON,3209,32,KAB.CIREBON
KAB.MAJALENGKA,KAB. MAJALENGKA,3210,32,KAB.MAJALENGKA
KAB.SUMEDANG,KAB. SUMEDANG,3211,32,KAB.SUMEDANG
KAB.INDRAMAYU,KAB. INDRAMAYU,3212,32,KAB.INDRAMAYU
KAB.SUBANG,KAB. SUBANG,3213,32,KAB.SUBANG
KAB.PURWAKARTA,KAB. PURWAKARTA,3214,32,KAB.PURWAKARTA
KAB.KARAWANG,KAB. KARAWANG,3215,32,KAB.KARAWANG
KAB.BEKASI,KAB. BEKASI,3216,32,KAB.BEKASI
KAB.BANDUNGBARAT,KAB. BANDUNG BARAT,3217,32,KAB.BANDUNGBARAT
KAB.PANGANDARAN,KAB. PANGANDARAN,3218,32,KAB.PANGANDARAN
KOTABOGOR,KOTA BOGOR,3271,32,KOTABOGOR
KOTASUKABUMI,KOTA SUKABUMI,3272,32,KOTASUKABUMI
KOTABANDUNG,KOTA BANDUNG,3273,32,KOTABANDUNG
KOTACIREBON,KOTA CIREBON,3274,32,KOTACIREBON
KOTABEKASI,KOTA BEKASI,3275,32,KOTABEKASI
KOTADEPOK,KOTA DEPOK,3276,32,KOTADEPOK
KOTACIMAHI,KOTA CIMAHI,3277,32,KOTACIMAHI
KOTATASIKMALAYA,KOTA TASIKMALAYA,3278,32,KOTATASIKMALAYA
KOTABANJAR,KOTA BANJAR,3279,32,KOTABANJAR
KAB.CILACAP,KAB. CILACAP,3301,33,KAB.CILACAP
KAB.BANYUMAS,KAB. BANYUMAS,3302,33,KAB.BANYUMAS
KAB.PURBALINGGA,KAB. PURBALINGGA,3303,33,KAB.PURBALINGGA
KAB.BANJARNEGARA,KAB. BANJARNEGARA,3304,33,KAB.BANJARNEGARA
KAB.KEBUMEN,KAB. KEBUMEN,3305,33,KAB.KEBUMEN
KAB.PURWOREJO,KAB. PURWOREJO,3306,33,KAB.PURWOREJO
KAB.WONOSOBO,KAB. WONOSOBO,3307,33,KAB.WONOSOBO
KAB.MAGELANG,KAB. MAGELANG,3308,33,KAB.MAGELANG
KAB.BOYOLALI,KAB. BOYOLALI,3309,33,KAB.BOYOLALI
KAB.KLATEN,KAB. KLATEN,3310,33,KAB.KLATEN
KAB.SUKOHARJO,KAB. SUKOHARJO,3311,33,KAB.SUKOHARJO
KAB.WONOGIRI,KAB. WONOGIRI,3312,33,KAB.WONOGIRI
KAB.KARANGANYAR,KAB. KARANGANYAR,3313,33,KAB.KARANGANYAR
KAB.SRAGEN,KAB. SRAGEN,3314,33,KAB.SRAGEN
KAB.GROBOGAN,KAB. GROBOGAN,3315,33,KAB.GROBOGAN
KAB.BLORA,KAB. BLORA,3316,33,KAB.BLORA
KAB.REMBANG,KAB. REMBANG,3317,33,KAB.REMBANG
KAB.PATI,KAB. PATI,3318,33,KAB.PATI
KAB.KUDUS,KAB. KUDUS,3319,33,KAB.KUDUS
KAB.JEPARA,KAB. JEPARA,3320,33,KAB.JEPARA
KAB.DEMAK,KAB. DEMAK,3321,33,KAB.DEMAK
KAB.SEMARANG,KAB. SEMARANG,3322,33,KAB.SEMARANG
KAB.TEMANGGUNG,KAB. TEMANGGUNG,3323,33,KAB.TEMANGGUNG
KAB.KENDAL,KAB. KENDAL,3324,33,KAB.KENDAL
KAB.BATANG,KAB. BATANG,3325,33,KAB.BATANG
KAB.PEKALONGAN,KAB. PEKALONGAN,3326,33,KAB.PEKALONGAN
KAB.PEMALANG,KAB. PEMALANG,3327,33,KAB.PEMALANG
KAB.TEGAL,KAB. TEGAL,3328,33,KAB.TEGAL
KAB.BREBES,KAB. BREBES,3329,33,KAB.BREBES
KOTAMAGELANG,KOTA MAGELANG,3371,33,KOTAMAGELANG
KOTASURAKARTA,KOTA SURAKARTA,3372,33,KOTASURAKARTA
KOTASALATIGA,KOTA SALATIGA,3373,33,KOTASALATIGA
KOTASEMARANG,KOTA SEMARANG,3374,33,KOTASEMARANG
KOTAPEKALONGAN,KOTA PEKALONGAN,3375,33,KOTAPEKALONGAN
KOTATEGAL,KOTA TEGAL,3376,33,KOTATEGAL
KAB.KULONPROGO,KAB. KULON PROGO,3401,34,KAB.KULONPROGO
KAB.BANTUL,KAB. BANTUL,3402,34,KAB.BANTUL
KAB.GUNUNGKIDUL,KAB. GUNUNG KIDUL,3403,34,KAB.GUNUNGKIDUL
KAB.SLEMAN,KAB. SLEMAN,3404,34,KAB.SLEMAN
KOTAYOGYAKARTA,KOTA YOGYAKARTA,3471,34,KOTAYOGYAKARTA
KAB.PACITAN,KAB. PACITAN,3501,35,KAB.PACITAN
KAB.PONOROGO,KAB. PONOROGO,3502,35,KAB.PONOROGO
KAB.TRENGGALEK,KAB. TRENGGALEK,3503,35,KAB.TRENGGALEK
KAB.TULUNGAGUNG,KAB. TULUNGAGUNG,3504,35,KAB.TULUNGAGUNG
KAB.BLITAR,KAB. BLITAR,3505,35,KAB.BLITAR
KAB.KEDIRI,KAB. KEDIRI,3506,35,KAB.KEDIRI
KAB.MALANG,KAB. MALANG,3507,35,KAB.MALANG
KAB.LUMAJANG,KAB. LUMAJANG,3508,35,KAB.LUMAJANG
KAB.JEMBER,KAB. JEMBER,3509,35,KAB.JEMBER
KAB.BANYUWANGI,KAB. BANYUWANGI,3510,35,KAB.BANYUWANGI
KAB.BONDOWOSO,KAB. BONDOWOSO,3511,35,KAB.BONDOWOSO
KAB.SITUBONDO,KAB. SITUBONDO,3512,35,KAB.SITUBONDO
KAB.PROBOLINGGO,KAB. PROBOLINGGO,3513,35,KAB.PROBOLINGGO
KAB.PASURUAN,KAB. PASURUAN,3514,35,KAB.PASURUAN
KAB.SIDOARJO,KAB. SIDOARJO,3515,35,KAB.SIDOARJO
KAB.MOJOKERTO,KAB. MOJOKERTO,3516,35,KAB.MOJOKERTO
KAB.JOMBANG,KAB. JOMBANG,3517,35,KAB.JOMBANG
KAB.NGANJUK,KAB. NGANJUK,3518,35,KAB.NGANJUK
KAB.MADIUN,KAB. MADIUN,3519,35,KAB.MADIUN
KAB.MAGETAN,KAB. MAGETAN,3520,35,KAB.MAGETAN
KAB.NGAWI,KAB. NGAWI,3521,35,KAB.NGAWI
KAB.BOJONEGORO,KAB. BOJONEGORO,3522,35,KAB.BOJONEGORO
KAB.TUBAN,KAB. TUBAN,3523,35,KAB.TUBAN
KAB.LAMONGAN,KAB. LAMONGAN,3524,35,KAB.LAMONGAN
KAB.GRESIK,KAB. GRESIK,3525,35,KAB.GRESIK
KAB.BANGKALAN,KAB. BANGKALAN,3526,35,KAB.BANGKALAN
KAB.SAMPANG,KAB. SAMPANG,3527,35,KAB.SAMPANG
KAB.PAMEKASAN,KAB. PAMEKASAN,3528,35,KAB.PAMEKASAN
KAB.SUMENEP,KAB. SUMENEP,3529,35,KAB.SUMENEP
KOTAKEDIRI,KOTA KEDIRI,3571,35,KOTAKEDIRI
KOTABLITAR,KOTA BLITAR,3572,35,KOTABLITAR
KOTAMALANG,KOTA MALANG,3573,35,KOTAMALANG
KOTAPROBOLINGGO,KOTA PROBOLINGGO,3574,35,KOTAPROBOLINGGO
KOTAPASURUAN,KOTA PASURUAN,3575,35,KOTAPASURUAN
KOTAMOJOKERTO,KOTA MOJOKERTO,3576,35,KOTAMOJOKERTO
KOTAMADIUN,KOTA MADIUN,3577,35,KOTAMADIUN
KOTASURABAYA,KOTA SURABAYA,3578,35,KOTASURABAYA
KOTABATU,KOTA BATU,3579,35,KOTABATU
KAB.PANDEGLANG,KAB. PANDEGLANG,3601,36,KAB.PANDEGLANG
KAB.LEBAK,KAB. LEBAK,3602,36,KAB.LEBAK
KAB.TANGERANG,KAB. TANGERANG,3603,36,KAB.TANGERANG
KAB.SERANG,KAB. SERANG,3604,36,KAB.SERANG
KOTATANGERANG,KOTA TANGERANG,3671,36,KOTATANGERANG
KOTACILEGON,KOTA CILEGON,3672,36,KOTACILEGON
KOTASERANG,KOTA SERANG,3673,36,KOTASERANG
KOTATANGERANGSELATAN,KOTA TANGERANG SELATAN,3674,36,KOTATANGERANGSELATAN
KAB.JEMBRANA,KAB. JEMBRANA,5101,51,KAB.JEMBRANA
KAB.TABANAN,KAB. TABANAN,5102,51,KAB.TABANAN
KAB.BADUNG,KAB. BADUNG,5103,51,KAB.BADUNG
KAB.GIANYAR,KAB. GIANYAR,5104,51,KAB.GIANYAR
KAB.KLUNGKUNG,KAB. KLUNGKUNG,5105,51,KAB.KLUNGKUNG
KAB.BANGLI,KAB. BANGLI,5106,51,KAB.BANGLI
KAB.KARANGASEM,KAB. KARANGASEM,5107,51,KAB.KARANGASEM
KAB.BULELENG,KAB. BULELENG,5108,51,KAB.BULELENG
KOTADENPASAR,KOTA DENPASAR,5171,51,KOTADENPASAR
KAB.LOMBOKBARAT,KAB. LOMBOK BARAT,5201,52,KAB.LOMBOKBARAT
KAB.LOMBOKTENGAH,KAB. LOMBOK TENGAH,5202,52,KAB.LOMBOKTENGAH
KAB.LOMBOKTIMUR,KAB. LOMBOK TIMUR,5203,52,KAB.LOMBOKTIMUR
KAB.SUMBAWA,KAB. SUMBAWA,5204,52,KAB.SUMBAWA
KAB.DOMPU,KAB. DOMPU,5205,52,KAB.DOMPU
KAB.BIMA,KAB. BIMA,5206,52,KAB.BIMA
KAB.SUMBAWABARAT,KAB. SUMBAWA BARAT,5207,52,KAB.SUMBAWABARAT
KAB.LOMBOKUTARA,KAB. LOMBOK UTARA,5208,52,KAB.LOMBOKUTARA
KOTAMATARAM,KOTA MATARAM,5271,52,KOTAMATARAM
KOTABIMA,KOTA BIMA,5272,52,KOTABIMA
KAB.KUPANG,KAB. KUPANG,5301,53,KAB.KUPANG
KAB.TIMORTENGAHSELATAN,KAB. TIMOR TENGAH SELATAN,5302,53,KAB.TIMORTENGAHSELATAN
KAB.TIMORTENGAHUTARA,KAB. TIMOR TENGAH UTARA,5303,53,KAB.TIMORTENGAHUTARA
KAB.BELU,KAB. BELU,5304,53,KAB.BELU
KAB.ALOR,KAB. ALOR,5305,53,KAB.ALOR
KAB.FLORESTIMUR,KAB. FLORES TIMUR,5306,53,KAB.FLORESTIMUR
KAB.SIKKA,KAB. SIKKA,5307,53,KAB.SIKKA
KAB.ENDE,KAB. ENDE,5308,53,KAB.ENDE
KAB.NGADA,KAB. NGADA,5309,53,KAB.NGADA
KAB.MANGGARAI,KAB. MANGGARAI,5310,53,KAB.MANGGARAI
KAB.SUMBATIMUR,KAB. SUMBA TIMUR,5311,53,KAB.SUMBATIMUR
KAB.SUMBABARAT,KAB. SUMBA BARAT,5312,53,KAB.SUMBABARAT
KAB.LEMBATA,KAB. LEMBATA,5313,53,KAB.LEMBATA
KAB.ROTENDAO,KAB. ROTE NDAO,5314,53,KAB.ROTENDAO
KAB.MANGGARAIBARAT,KAB. MANGGARAI BARAT,5315,53,KAB.MANGGARAIBARAT
KAB.NAGEKEO,KAB. NAGEKEO,5316,53,KAB.NAGEKEO
KAB.SUMBATENGAH,KAB. SUMBA TENGAH,5317,53,KAB.SUMBATENGAH
KAB.SUMBABARATDAYA,KAB. SUMBA BARAT DAYA,5318,53,KAB.SUMBABARATDAYA
KAB.MANGGARAITIMUR,KAB. MANGGARAI TIMUR,5319,53,KAB.MANGGARAITIMUR
KAB.SABURAIJUA,KAB. SABU RAIJUA,5320,53,KAB.SABURAIJUA
KAB.MALAKA,KAB. MALAKA,5321,53,KAB.MALAKA
KOTAKUPANG,KOTA KUPANG,5371,53,KOTAKUPANG
KAB.SAMBAS,KAB. SAMBAS,6101,61,KAB.SAMBAS
KAB.MEMPAWAH,KAB. MEMPAWAH,6102,61,KAB.MEMPAWAH
KAB.SANGGAU,KAB. SANGGAU,6103,61,KAB.SANGGAU
KAB.KETAPANG,KAB. KETAPANG,6104,61,KAB.KETAPANG
KAB.SINTANG,KAB. SINTANG,6105,61,KAB.SINTANG
KAB.KAPUASHULU,KAB. KAPUAS HULU,6106,61,KAB.KAPUASHULU
KAB.BENGKAYANG,KAB. BENGKAYANG,6107,61,KAB.BENGKAYANG
KAB.LANDAK,KAB. LANDAK,6108,61,KAB.LANDAK
KAB.SEKADAU,KAB. SEKADAU,6109,61,KAB.SEKADAU
KAB.MELAWI,KAB. MELAWI,6110,61,KAB.MELAWI
KAB.KAYONGUTARA,KAB. KAYONG UTARA,6111,61,KAB.KAYONGUTARA
KAB.KUBURAYA,KAB. KUBU RAYA,6112,61,KAB.KUBURAYA
KOTAPONTIANAK,KOTA PONTIANAK,6171,61,KOTAPONTIANAK
KOTASINGKAWANG,KOTA SINGKAWANG,6172,61,KOTASINGKAWANG
KAB.SORONG,KAB. SORONG,9201,92,KAB.SORONG
KAB.MANOKWARI,KAB. MANOKWARI,9202,92,KAB.MANOKWARI
KAB.FAKFAK,KAB. FAKFAK,9203,92,KAB.FAKFAK
KAB.SORONGSELATAN,KAB. SORONG SELATAN,9204,92,KAB.SORONGSELATAN
KAB.RAJAAMPAT,KAB. RAJA AMPAT,9205,92,KAB.RAJAAMPAT
KAB.TELUKBINTUNI,KAB. TELUK BINTUNI,9206,92,KAB.TELUKBINTUNI
KAB.TELUKWONDAMA,KAB. TELUK WONDAMA,9207,92,KAB.TELUKWONDAMA
KAB.KAIMANA,KAB. KAIMANA,9208,92,KAB.KAIMANA
KAB.TAMBRAUW,KAB. TAMBRAUW,9209,92,KAB.TAMBRAUW
KAB.MAYBRAT,KAB. MAYBRAT,9210,92,KAB.MAYBRAT
KAB.MANOKWARISELATAN,KAB. MANOKWARI SELATAN,9211,92,KAB.MANOKWARISELATAN
KAB.PEGUNUNGANARFAK,KAB. PEGUNUNGAN ARFAK,9212,92,KAB.PEGUNUNGANARFAK
KOTASORONG,KOTA SORONG,9271,92,KOTASORONG
KAB.KOTAWARINGINBARAT,KAB. KOTAWARINGIN BARAT,6201,62,KAB.KOTAWARINGINBARAT
KAB.KOTAWARINGINTIMUR,KAB. KOTAWARINGIN TIMUR,6202,62,KAB.KOTAWARINGINTIMUR
KAB.KAPUAS,KAB. KAPUAS,6203,62,KAB.KAPUAS
KAB.BARITOSELATAN,KAB. BARITO SELATAN,6204,62,KAB.BARITOSELATAN
KAB.BARITOUTARA,KAB. BARITO UTARA,6205,62,KAB.BARITOUTARA
KAB.KATINGAN,KAB. KATINGAN,6206,62,KAB.KATINGAN
KAB.SERUYAN,KAB. SERUYAN,6207,62,KAB.SERUYAN
KAB.SUKAMARA,KAB. SUKAMARA,6208,62,KAB.SUKAMARA
KAB.LAMANDAU,KAB. LAMANDAU,6209,62,KAB.LAMANDAU
KAB.GUNUNGMAS,KAB. GUNUNG MAS,6210,62,KAB.GUNUNGMAS
KAB.PULANGPISAU,KAB. PULANG PISAU,6211,62,KAB.PULANGPISAU
KAB.MURUNGRAYA,KAB. MURUNG RAYA,6212,62,KAB.MURUNGRAYA
KAB.BARITOTIMUR,KAB. BARITO TIMUR,6213,62,KAB.BARITOTIMUR
KOTAPALANGKARAYA,KOTA PALANGKA RAYA,6271,62,KOTAPALANGKARAYA
KAB.TANAHLAUT,KAB. TANAH LAUT,6301,63,KAB.TANAHLAUT
KAB.KOTABARU,KAB. KOTABARU,6302,63,KAB.KOTABARU
KAB.BANJAR,KAB. BANJAR,6303,63,KAB.BANJAR
KAB.BARITOKUALA,KAB. BARITO KUALA,6304,63,KAB.BARITOKUALA
KAB.TAPIN,KAB. TAPIN,6305,63,KAB.TAPIN
KAB.HULUSUNGAISELATAN,KAB. HULU SUNGAI SELATAN,6306,63,KAB.HULUSUNGAISELATAN
KAB.HULUSUNGAITENGAH,KAB. HULU SUNGAI TENGAH,6307,63,KAB.HULUSUNGAITENGAH
KAB.HULUSUNGAIUTARA,KAB. HULU SUNGAI UTARA,6308,63,KAB.HULUSUNGAIUTARA
KAB.TABALONG,KAB. TABALONG,6309,63,KAB.TABALONG
KAB.TANAHBUMBU,KAB. TANAH BUMBU,6310,63,KAB.TANAHBUMBU
KAB.BALANGAN,KAB. BALANGAN,6311,63,KAB.BALANGAN
KOTABANJARMASIN,KOTA BANJARMASIN,6371,63,KOTABANJARMASIN
KOTABANJARBARU,KOTA BANJARBARU,6372,63,KOTABANJARBARU
KAB.PASER,KAB. PASER,6401,64,KAB.PASER
KAB.KUTAIKARTANEGARA,KAB. KUTAI KARTANEGARA,6402,64,KAB.KUTAIKARTANEGARA
KAB.BERAU,KAB. BERAU,6403,64,KAB.BERAU
KAB.KUTAIBARAT,KAB. KUTAI BARAT,6407,64,KAB.KUTAIBARAT
KAB.KUTAITIMUR,KAB. KUTAI TIMUR,6408,64,KAB.KUTAITIMUR
KAB.PENAJAMPASERUTARA,KAB. PENAJAM PASER UTARA,6409,64,KAB.PENAJAMPASERUTARA
KAB.MAHAKAMULU,KAB. MAHAKAM ULU,6411,64,KAB.MAHAKAMULU
KOTABALIKPAPAN,KOTA BALIKPAPAN,6471,64,KOTABALIKPAPAN
KOTASAMARINDA,KOTA SAMARINDA,6472,64,KOTASAMARINDA
KOTABONTANG,KOTA BONTANG,6474,64,KOTABONTANG
KAB.BULUNGAN,KAB. BULUNGAN,6501,65,KAB.BULUNGAN
KAB.MALINAU,KAB. MALINAU,6502,65,KAB.MALINAU
KAB.NUNUKAN,KAB. NUNUKAN,6503,65,KAB.NUNUKAN
KAB.TANATIDUNG,KAB. TANA TIDUNG,6504,65,KAB.TANATIDUNG
KOTATARAKAN,KOTA TARAKAN,6571,65,KOTATARAKAN
KAB.BOLAANGMONGONDOW,KAB. BOLAANG MONGONDOW,7101,71,KAB.BOLAANGMONGONDOW
KAB.MINAHASA,KAB. MINAHASA,7102,71,KAB.MINAHASA
KAB.KEPULAUANSANGIHE,KAB. KEPULAUAN SANGIHE,7103,71,KAB.KEPULAUANSANGIHE
KAB.KEPULAUANTALAUD,KAB. KEPULAUAN TALAUD,7104,71,KAB.KEPULAUANTALAUD
KAB.MINAHASASELATAN,KAB. MINAHASA SELATAN,7105,71,KAB.MINAHASASELATAN
KAB.MINAHASAUTARA,KAB. MINAHASA UTARA,7106,71,KAB.MINAHASAUTARA
KAB.MINAHASATENGGARA,KAB. MINAHASA TENGGARA,7107,71,KAB.MINAHASATENGGARA
KAB.BOLAANGMONGONDOWUTARA,KAB. BOLAANG MONGONDOW UTARA,7108,71,KAB.BOLAANGMONGONDOWUTARA
KAB.KEP.SIAUTAGULANDANGBIARO,KAB. KEP. SIAU TAGULANDANG BIARO,7109,71,KAB.KEP.SIAUTAGULANDANGBIARO
KAB.BOLAANGMONGONDOWTIMUR,KAB. BOLAANG MONGONDOW TIMUR,7110,71,KAB.BOLAANGMONGONDOWTIMUR
KAB.BOLAANGMONGONDOWSELATAN,KAB. BOLAANG MONGONDOW SELATAN,7111,71,KAB.BOLAANGMONGONDOWSELATAN
KOTAMANADO,KOTA MANADO,7171,71,KOTAMANADO
KOTABITUNG,KOTA BITUNG,7172,71,KOTABITUNG
KOTATOMOHON,KOTA TOMOHON,7173,71,KOTATOMOHON
KOTAKOTAMOBAGU,KOTA KOTAMOBAGU,7174,71,KOTAKOTAMOBAGU
KAB.BANGGAI,KAB. BANGGAI,7201,72,KAB.BANGGAI
KAB.POSO,KAB. POSO,7202,72,KAB.POSO
KAB.DONGGALA,KAB. DONGGALA,7203,72,KAB.DONGGALA
KAB.TOLI-TOLI,KAB. TOLI-TOLI,7204,72,KAB.TOLI-TOLI
KAB.BUOL,KAB. BUOL,7205,72,KAB.BUOL
KAB.MOROWALI,KAB. MOROWALI,7206,72,KAB.MOROWALI
KAB.BANGGAIKEPULAUAN,KAB. BANGGAI KEPULAUAN,7207,72,KAB.BANGGAIKEPULAUAN
KAB.PARIGIMOUTONG,KAB. PARIGI MOUTONG,7208,72,KAB.PARIGIMOUTONG
KAB.TOJOUNA-UNA,KAB. TOJO UNA-UNA,7209,72,KAB.TOJOUNA-UNA
KAB.SIGI,KAB. SIGI,7210,72,KAB.SIGI
KAB.BANGGAILAUT,KAB. BANGGAI LAUT,7211,72,KAB.BANGGAILAUT
KAB.MOROWALIUTARA,KAB. MOROWALI UTARA,7212,72,KAB.MOROWALIUTARA
KOTAPALU,KOTA PALU,7271,72,KOTAPALU
KAB.KEPULAUANSELAYAR,KAB. KEPULAUAN SELAYAR,7301,73,KAB.KEPULAUANSELAYAR
KAB.BULUKUMBA,KAB. BULUKUMBA,7302,73,KAB.BULUKUMBA
KAB.BANTAENG,KAB. BANTAENG,7303,73,KAB.BANTAENG
KAB.JENEPONTO,KAB. JENEPONTO,7304,73,KAB.JENEPONTO
KAB.TAKALAR,KAB. TAKALAR,7305,73,KAB.TAKALAR
KAB.GOWA,KAB. GOWA,7306,73,KAB.GOWA
KAB.SINJAI,KAB. SINJAI,7307,73,KAB.SINJAI
KAB.BONE,KAB. BONE,7308,73,KAB.BONE
KAB.MAROS,KAB. MAROS,7309,73,KAB.MAROS
KAB.PANGKAJENEKEPULAUAN,KAB. PANGKAJENE KEPULAUAN,7310,73,KAB.PANGKAJENEKEPULAUAN
KAB.BARRU,KAB. BARRU,7311,73,KAB.BARRU
KAB.SOPPENG,KAB. SOPPENG,7312,73,KAB.SOPPENG
KAB.WAJO,KAB. WAJO,7313,73,KAB.WAJO
KAB.SIDENRENGRAPPANG,KAB. SIDENRENG RAPPANG,7314,73,KAB.SIDENRENGRAPPANG
KAB.PINRANG,KAB. PINRANG,7315,73,KAB.PINRANG
KAB.ENREKANG,KAB. ENREKANG,7316,73,KAB.ENREKANG
KAB.LUWU,KAB. LUWU,7317,73,KAB.LUWU
KAB.TANATORAJA,KAB. TANA TORAJA,7318,73,KAB.TANATORAJA
KAB.LUWUUTARA,KAB. LUWU UTARA,7322,73,KAB.LUWUUTARA
KAB.LUWUTIMUR,KAB. LUWU TIMUR,7324,73,KAB.LUWUTIMUR
KAB.TORAJAUTARA,KAB. TORAJA UTARA,7326,73,KAB.TORAJAUTARA
KOTAMAKASSAR,KOTA MAKASSAR,7371,73,KOTAMAKASSAR
KOTAPAREPARE,KOTA PAREPARE,7372,73,KOTAPAREPARE
KOTAPALOPO,KOTA PALOPO,7373,73,KOTAPALOPO
KAB.KOLAKA,KAB. KOLAKA,7401,74,KAB.KOLAKA
KAB.KONAWE,KAB. KONAWE,7402,74,KAB.KONAWE
KAB.MUNA,KAB. MUNA,7403,74,KAB.MUNA
KAB.BUTON,KAB. BUTON,7404,74,KAB.BUTON
KAB.KONAWESELATAN,KAB. KONAWE SELATAN,7405,74,KAB.KONAWESELATAN
KAB.BOMBANA,KAB. BOMBANA,7406,74,KAB.BOMBANA
KAB.WAKATOBI,KAB. WAKATOBI,7407,74,KAB.WAKATOBI
KAB.KOLAKAUTARA,KAB. KOLAKA UTARA,7408,74,KAB.KOLAKAUTARA
KAB.KONAWEUTARA,KAB. KONAWE UTARA,7409,74,KAB.KONAWEUTARA
KAB.BUTONUTARA,KAB. BUTON UTARA,7410,74,KAB.BUTONUTARA
KAB.KOLAKATIMUR,KAB. KOLAKA TIMUR,7411,74,KAB.KOLAKATIMUR
KAB.KONAWEKEPULAUAN,KAB. KONAWE KEPULAUAN,7412,74,KAB.KONAWEKEPULAUAN
KAB.MUNABARAT,KAB. MUNA BARAT,7413,74,KAB.MUNABARAT
KAB.BUTONTENGAH,KAB. BUTON TENGAH,7414,74,KAB.BUTONTENGAH
KAB.BUTONSELATAN,KAB. BUTON SELATAN,7415,74,KAB.BUTONSELATAN
KOTAKENDARI,KOTA KENDARI,7471,74,KOTAKENDARI
KOTABAU-BAU,KOTA BAU-BAU,7472,74,KOTABAU-BAU
KAB.GORONTALO,KAB. GORONTALO,7501,75,KAB.GORONTALO
KAB.BOALEMO,KAB. BOALEMO,7502,75,KAB.BOALEMO
KAB.BONEBOLANGO,KAB. BONE BOLANGO,7503,75,KAB.BONEBOLANGO
KAB.PAHUWATO,KAB. PAHUWATO,7504,75,KAB.PAHUWATO
KAB.GORONTALOUTARA,KAB. GORONTALO UTARA,7505,75,KAB.GORONTALOUTARA
KOTAGORONTALO,KOTA GORONTALO,7571,75,KOTAGORONTALO
KAB.MAMUJUUTARA,KAB. MAMUJU UTARA,7601,76,KAB.MAMUJUUTARA
KAB.MAMUJU,KAB. MAMUJU,7602,76,KAB.MAMUJU
KAB.MAMASA,KAB. MAMASA,7603,76,KAB.MAMASA
KAB.POLEWALIMANDAR,KAB. POLEWALI MANDAR,7604,76,KAB.POLEWALIMANDAR
KAB.MAJENE,KAB. MAJENE,7605,76,KAB.MAJENE
KAB.MAMUJUTENGAH,KAB. MAMUJU TENGAH,7606,76,KAB.MAMUJUTENGAH
KAB.MALUKUTENGAH,KAB. MALUKU TENGAH,8101,81,KAB.MALUKUTENGAH
KAB.MALUKUTENGGARA,KAB. MALUKU TENGGARA,8102,81,KAB.MALUKUTENGGARA
KAB.MALUKUTENGGARABARAT,KAB. MALUKU TENGGARA BARAT,8103,81,KAB.MALUKUTENGGARABARAT
KAB.BURU,KAB. BURU,8104,81,KAB.BURU
KAB.SERAMBAGIANTIMUR,KAB. SERAM BAGIAN TIMUR,8105,81,KAB.SERAMBAGIANTIMUR
KAB.SERAMBAGIANBARAT,KAB. SERAM BAGIAN BARAT,8106,81,KAB.SERAMBAGIANBARAT
KAB.KEPULAUANARU,KAB. KEPULAUAN ARU,8107,81,KAB.KEPULAUANARU
KAB.MALUKUBARATDAYA,KAB. MALUKU BARAT DAYA,8108,81,KAB.MALUKUBARATDAYA
KAB.BURUSELATAN,KAB. BURU SELATAN,8109,81,KAB.BURUSELATAN
KOTAAMBON,KOTA AMBON,8171,81,KOTAAMBON
KOTATUAL,KOTA TUAL,8172,81,KOTATUAL
KAB.HALMAHERABARAT,KAB. HALMAHERA BARAT,8201,82,KAB.HALMAHERABARAT
KAB.HALMAHERATENGAH,KAB. HALMAHERA TENGAH,8202,82,KAB.HALMAHERATENGAH
KAB.HALMAHERAUTARA,KAB. HALMAHERA UTARA,8203,82,KAB.HALMAHERAUTARA
KAB.HALMAHERASELATAN,KAB. HALMAHERA SELATAN,8204,82,KAB.HALMAHERASELATAN
KAB.KEPULAUANSULA,KAB. KEPULAUAN SULA,8205,82,KAB.KEPULAUANSULA
KAB.HALMAHERATIMUR,KAB. HALMAHERA TIMUR,8206,82,KAB.HALMAHERATIMUR
KAB.PULAUMOROTAI,KAB. PULAU MOROTAI,8207,82,KAB.PULAUMOROTAI
KAB.PULAUTALIABU,KAB. PULAU TALIABU,8208,82,KAB.PULAUTALIABU
KOTATERNATE,KOTA TERNATE,8271,82,KOTATERNATE
KOTATIDOREKEPULAUAN,KOTA TIDORE KEPULAUAN,8272,82,KOTATIDOREKEPULAUAN
KAB.MERAUKE,KAB. MERAUKE,9101,91,KAB.MERAUKE
KAB.JAYAWIJAYA,KAB. JAYAWIJAYA,9102,91,KAB.JAYAWIJAYA
KAB.JAYAPURA,KAB. JAYAPURA,9103,91,KAB.JAYAPURA
KAB.NABIRE,KAB. NABIRE,9104,91,KAB.NABIRE
KAB.KEPULAUANYAPEN,KAB. KEPULAUAN YAPEN,9105,91,KAB.KEPULAUANYAPEN
KAB.BIAKNUMFOR,KAB. BIAK NUMFOR,9106,91,KAB.BIAKNUMFOR
KAB.PUNCAKJAYA,KAB. PUNCAK JAYA,9107,91,KAB.PUNCAKJAYA
KAB.PANIAI,KAB. PANIAI,9108,91,KAB.PANIAI
KAB.MIMIKA,KAB. MIMIKA,9109,91,KAB.MIMIKA
KAB.SARMI,KAB. SARMI,9110,91,KAB.SARMI
KAB.KEEROM,KAB. KEEROM,9111,91,KAB.KEEROM
KAB.PEGUNUNGANBINTANG,KAB. PEGUNUNGAN BINTANG,9112,91,KAB.PEGUNUNGANBINTANG
KAB.YAHUKIMO,KAB. YAHUKIMO,9113,91,KAB.YAHUKIMO
KAB.TOLIKARA,KAB. TOLIKARA,9114,91,KAB.TOLIKARA
KAB.WAROPEN,KAB. WAROPEN,9115,91,KAB.WAROPEN
KAB.BOVENDIGOEL,KAB. BOVEN DIGOEL,9116,91,KAB.BOVENDIGOEL
KAB.MAPPI,KAB. MAPPI,9117,91,KAB.MAPPI
KAB.ASMAT,KAB. ASMAT,9118,91,KAB.ASMAT
KAB.SUPIORI,KAB. SUPIORI,9119,91,KAB.SUPIORI
KAB.MAMBERAMORAYA,KAB. MAMBERAMO RAYA,9120,91,KAB.MAMBERAMORAYA
KAB.MAMBERAMOTENGAH,KAB. MAMBERAMO TENGAH,9121,91,KAB.MAMBERAMOTENGAH
KAB.YALIMO,KAB. YALIMO,9122,91,KAB.YALIMO
KAB.LANNYJAYA,KAB. LANNY JAYA,9123,91,KAB.LANNYJAYA
KAB.NDUGA,KAB. NDUGA,9124,91,KAB.NDUGA
KAB.PUNCAK,KAB. PUNCAK,9125,91,KAB.PUNCAK
KAB.DOGIYAI,KAB. DOGIYAI,9126,91,KAB.DOGIYAI
KAB.INTANJAYA,KAB. INTAN JAYA,9127,91,KAB.INTANJAYA
KAB.DEIYAI,KAB. DEIYAI,9128,91,KAB.DEIYAI
KOTAJAYAPURA,KOTA JAYAPURA,9171,91,KOTAJAYAPURA
